<?xml version="1.0" encoding="UTF-8" ?>
<module>
    <name>em_pricerange</name>
    <displayName><![CDATA[Price range]]></displayName>
    <version><![CDATA[1.0.0]]></version>
    <description><![CDATA[Set the range of price]]></description>
    <author><![CDATA[prestashop.me]]></author>
    <tab><![CDATA[front_office_features]]></tab>
	<confirmUninstall><![CDATA[Are you sure you want to uninstall?]]></confirmUninstall>
    <is_configurable>1</is_configurable>
    <need_instance>1</need_instance>
	<limited_countries></limited_countries>
</module>